{"success":true,"jobs":[{"id":10,"title":"Senior Software Engineer","slug":"tastiorecipes-com-senior-software-engineer-10","company_name":"TastioRecipes.com","company_logo":"http:\/\/toptopjobs.local\/uploads\/company_logos\/1765274392_f778291c07e12d5cb52a.png","company_rating":0,"location":"New York","latitude":null,"longitude":null,"job_type":"internship","experience":"junior","experience_level":"junior","salary":3000,"salary_min":3000,"salary_max":23700,"is_remote":0,"skills":["dsof psdkp akdpa pspdapd dsof psdkp akdpa pspdapd"],"category":"IT\/Software","description":"dsof psdkp akdpa pspdapd dsof psdkp akdpa pspdapd dsof psdkp akdpa pspdapd dsof psdkp akdpa pspdapd dsof psdkp akdpa pspdapd dsof psdkp akdpa pspdapd dsof psdkp akdpa pspdapd dsof psdkp akdpa pspdapd dsof psdkp akdpa pspdapd dsof psdkp akdpa pspdapd dsof psdkp akdpa pspdapd dsof psdkp akdpa pspdapd dsof psdkp akdpa pspdapd dsof psdkp akdpa pspdapd dsof psdkp akdpa pspdapd","responsibilities":["dsof psdkp akdpa pspdapd dsof psdkp akdpa pspdapd dsof psdkp akdpa pspdapd"],"requirements":["dsof psdkp akdpa pspdapd dsof psdkp akdpa pspdapd dsof psdkp akdpa pspdapd"],"posted_at":"2025-12-09T09:59:52+01:00","expires_at":"2025-12-25T00:00:00+01:00","badge":"New","badge_class":"bg-green-100 text-green-800","company_description":"dsof psdkp akdpa pspdapd dsof psdkp akdpa pspdapd dsof psdkp akdpa pspdapd dsof psdkp akdpa pspdapd dsof psdkp akdpa pspdapd dsof psdkp akdpa pspdapd ","company_website":"http:\/\/company.comt","application_email":"jobs@gmail.com","application_url":"http:\/\/tastiorecipes.com\/apply","application_phone":"+1 7326302952"},{"id":9,"title":"Data Scientist","slug":"tastiorecipes-data-scientist-9","company_name":"TastioRecipes","company_logo":"http:\/\/toptopjobs.local\/uploads\/company_logos\/1765265652_eff844fb5eea6e0cee1e.png","company_rating":0,"location":"Remote","latitude":null,"longitude":null,"job_type":"remote","experience":"junior","experience_level":"junior","salary":null,"salary_min":null,"salary_max":null,"is_remote":1,"skills":[],"category":"IT\/Software","description":"fgf dgd sfg g","responsibilities":null,"requirements":null,"posted_at":"2025-12-09T07:34:12+01:00","expires_at":"2025-12-12T00:00:00+01:00","badge":"New","badge_class":"bg-green-100 text-green-800","company_description":"sff","company_website":"http:\/\/toptopjobs.local\/","application_email":null,"application_url":"http:\/\/toptopjobs.local\/post-job","application_phone":"+1 7326302952"}],"total":2,"page":1,"per_page":10,"has_more":false}